-- Synthetic Maritime Data for Nautilus Horizon
-- 30 vessels across 10 commercial vessel types
-- Realistic data for testing and demonstration

BEGIN;

-- 1. Organizations
INSERT INTO organizations (id, name, imo_company_number, registration_country, contact_email, contact_phone, address) VALUES
('00000000-0000-0000-0000-000000000001', 'Nordic Maritime Corp', '1234567', 'NOR', 'info@nordicmaritime.no', '+47 12345678', 'Bergen, Norway'),
('00000000-0000-0000-0000-000000000002', 'Mediterranean Shipping Lines', '2345678', 'CHE', 'contact@mslines.ch', '+41 23456789', 'Geneva, Switzerland'),
('00000000-0000-0000-0000-000000000003', 'Pacific Tanker Fleet', '3456789', 'SGP', 'office@pactanker.sg', '+65 34567890', 'Singapore'),
('00000000-0000-0000-0000-000000000004', 'Atlantic Container Services', '4567890', 'USA', 'info@atlcontainer.com', '+1 4567890123', 'New York, USA'),
('00000000-0000-0000-0000-000000000005', 'Baltic LNG Transport', '5678901', 'DNK', 'contact@balticlng.dk', '+45 56789012', 'Copenhagen, Denmark');

-- 2. Ships - 30 vessels across 10 types
-- Container Ships (5 vessels)
INSERT INTO ships (id, imo_number, name, organization_id, ship_type, gross_tonnage, deadweight_tonnage, engine_power_kw, flag_state, year_built, classification_society) VALUES
('10000000-0000-0000-0000-000000000001', '9391001', 'Aurora Spirit', '00000000-0000-0000-0000-000000000001', 'CONTAINER', 45000, 52000, 28000, 'NOR', 2018, 'DNV'),
('10000000-0000-0000-0000-000000000002', '9391002', 'Baltic Express', '00000000-0000-0000-0000-000000000001', 'CONTAINER', 38000, 45000, 25000, 'NOR', 2019, 'DNV'),
('10000000-0000-0000-0000-000000000003', '9391003', 'Nordic Star', '00000000-0000-0000-0000-000000000002', 'CONTAINER', 55000, 65000, 32000, 'CHE', 2020, 'BV'),
('10000000-0000-0000-0000-000000000004', '9391004', 'Mediterranean Bridge', '00000000-0000-0000-0000-000000000002', 'CONTAINER', 42000, 50000, 27000, 'CHE', 2017, 'BV'),
('10000000-0000-0000-0000-000000000005', '9391005', 'Pacific Gateway', '00000000-0000-0000-0000-000000000004', 'CONTAINER', 48000, 56000, 30000, 'USA', 2021, 'ABS'),

-- Bulk Carriers (5 vessels)
('10000000-0000-0000-0000-000000000006', '9300001', 'Atlantic Warrior', '00000000-0000-0000-0000-000000000004', 'BULK_CARRIER', 35000, 82000, 22000, 'USA', 2016, 'ABS'),
('10000000-0000-0000-0000-000000000007', '9300002', 'Iron Ore Pioneer', '00000000-0000-0000-0000-000000000001', 'BULK_CARRIER', 42000, 95000, 28000, 'NOR', 2018, 'DNV'),
('10000000-0000-0000-0000-000000000008', '9300003', 'Coal Carrier Express', '00000000-0000-0000-0000-000000000002', 'BULK_CARRIER', 38000, 88000, 25000, 'CHE', 2017, 'BV'),
('10000000-0000-0000-0000-000000000009', '9300004', 'Grain Seafarer', '00000000-0000-0000-0000-000000000004', 'BULK_CARRIER', 30000, 75000, 20000, 'USA', 2015, 'ABS'),
('10000000-0000-0000-0000-000000000010', '9300005', 'Mineral Voyager', '00000000-0000-0000-0000-000000000001', 'BULK_CARRIER', 40000, 90000, 26000, 'NOR', 2019, 'DNV'),

-- Tankers (Crude Oil) (3 vessels)
('10000000-0000-0000-0000-000000000011', '9200001', 'Crude Navigator', '00000000-0000-0000-0000-000000000003', 'TANKER_CRUDE', 62000, 160000, 35000, 'SGP', 2017, 'LR'),
('10000000-0000-0000-0000-000000000012', '9200002', 'Petrol Express', '00000000-0000-0000-0000-000000000003', 'TANKER_CRUDE', 58000, 150000, 33000, 'SGP', 2018, 'LR'),
('10000000-0000-0000-0000-000000000013', '9200003', 'Oil Endeavour', '00000000-0000-0000-0000-000000000003', 'TANKER_CRUDE', 65000, 170000, 38000, 'SGP', 2020, 'LR'),

-- Product Tankers (3 vessels)
('10000000-0000-0000-0000-000000000014', '9199001', 'Chemical Pioneer', '00000000-0000-0000-0000-000000000003', 'TANKER_PRODUCT', 28000, 38000, 18000, 'SGP', 2016, 'LR'),
('10000000-0000-0000-0000-000000000015', '9199002', 'Refined Voyager', '00000000-0000-0000-0000-000000000003', 'TANKER_PRODUCT', 32000, 42000, 20000, 'SGP', 2017, 'LR'),
('10000000-0000-0000-0000-000000000016', '9199003', 'Distillate Carrier', '00000000-0000-0000-0000-000000000003', 'TANKER_PRODUCT', 30000, 40000, 19000, 'SGP', 2019, 'LR'),

-- LNG Carriers (3 vessels)
('10000000-0000-0000-0000-000000000017', '9188001', 'LNG Arctic Explorer', '00000000-0000-0000-0000-000000000005', 'LNG_CARRIER', 48000, 65000, 28000, 'DNK', 2018, 'DNV'),
('10000000-0000-0000-0000-000000000018', '9188002', 'Gas Star', '00000000-0000-0000-0000-000000000005', 'LNG_CARRIER', 52000, 70000, 32000, 'DNK', 2019, 'DNV'),
('10000000-0000-0000-0000-000000000019', '9188003', 'Cryogenic Navigator', '00000000-0000-0000-0000-000000000005', 'LNG_CARRIER', 50000, 68000, 30000, 'DNK', 2020, 'DNV'),

-- Car Carriers (RoRo) (2 vessels)
('10000000-0000-0000-0000-000000000020', '9177001', 'Auto Express 1', '00000000-0000-0000-0000-000000000002', 'CAR_CARRIER', 32000, 15000, 22000, 'CHE', 2017, 'BV'),
('10000000-0000-0000-0000-000000000021', '9177002', 'Vehicle Bridge', '00000000-0000-0000-0000-000000000002', 'CAR_CARRIER', 35000, 16000, 24000, 'CHE', 2018, 'BV'),

-- General Cargo (3 vessels)
('10000000-0000-0000-0000-000000000022', '9166001', 'General Trader', '00000000-0000-0000-0000-000000000001', 'GENERAL_CARGO', 12000, 18000, 8000, 'NOR', 2015, 'DNV'),
('10000000-0000-0000-0000-000000000023', '9166002', 'Cargo Seafarer', '00000000-0000-0000-0000-000000000001', 'GENERAL_CARGO', 10000, 15000, 7000, 'NOR', 2016, 'DNV'),
('10000000-0000-0000-0000-000000000024', '9166003', 'Freight Navigator', '00000000-0000-0000-0000-000000000004', 'GENERAL_CARGO', 15000, 22000, 10000, 'USA', 2017, 'ABS'),

-- Reefer Ships (2 vessels)
('10000000-0000-0000-0000-000000000025', '9155001', 'Frozen Food Express', '00000000-0000-0000-0000-000000000002', 'REEFER', 18000, 14000, 12000, 'CHE', 2016, 'BV'),
('10000000-0000-0000-0000-000000000026', '9155002', 'Cold Chain Carrier', '00000000-0000-0000-0000-000000000002', 'REEFER', 20000, 15000, 13000, 'CHE', 2017, 'BV'),

-- Offshore Support Vessels (2 vessels)
('10000000-0000-0000-0000-000000000027', '9144001', 'Platform Supply Vessel Alpha', '00000000-0000-0000-0000-000000000001', 'OFFSHORE_SUPPORT', 3500, 4200, 4500, 'NOR', 2018, 'DNV'),
('10000000-0000-0000-0000-000000000028', '9144002', 'Supply Ship Beta', '00000000-0000-0000-0000-000000000001', 'OFFSHORE_SUPPORT', 4000, 4800, 5000, 'NOR', 2019, 'DNV'),

-- Cement Carriers (2 vessels)
('10000000-0000-0000-0000-000000000029', '9133001', 'Cement Carrier Prime', '00000000-0000-0000-0000-000000000001', 'CEMENT_CARRIER', 8500, 10000, 6000, 'NOR', 2017, 'DNV'),
('10000000-0000-0000-0000-000000000030', '9133002', 'Builder Supply', '00000000-0000-0000-0000-000000000001', 'CEMENT_CARRIER', 9000, 11000, 6500, 'NOR', 2018, 'DNV'),

-- Unassigned Vessels (5 vessels - NOT assigned to any fleet)
('10000000-0000-0000-0000-000000000031', '9122001', 'Scout Patrol', '00000000-0000-0000-0000-000000000001', 'GENERAL_CARGO', 8000, 12000, 5500, 'NOR', 2016, 'DNV'),
('10000000-0000-0000-0000-000000000032', '9111001', 'Research Vessel Alpha', '00000000-0000-0000-0000-000000000002', 'GENERAL_CARGO', 6000, 9000, 4000, 'CHE', 2019, 'BV'),
('10000000-0000-0000-0000-000000000033', '9100001', 'Explorer Ship', '00000000-0000-0000-0000-000000000004', 'GENERAL_CARGO', 7500, 11000, 5000, 'USA', 2018, 'ABS'),
('10000000-0000-0000-0000-000000000034', '9099001', 'Naval Auxiliary', '00000000-0000-0000-0000-000000000001', 'GENERAL_CARGO', 7000, 10000, 4500, 'NOR', 2017, 'DNV'),
('10000000-0000-0000-0000-000000000035', '9088001', 'Coastal Trader', '00000000-0000-0000-0000-000000000002', 'GENERAL_CARGO', 6500, 9500, 4200, 'CHE', 2020, 'BV')
ON CONFLICT (imo_number) DO NOTHING;

-- 3. Sample Users with passwords (all password: "Test123!")
INSERT INTO users (id, email, password_hash, first_name, last_name, role, organization_id, ship_id, position, is_active) VALUES
-- Admin users
('20000000-0000-0000-0000-000000000001', 'admin@nautilus.com', '$2a$10$YourHashedPasswordHere1', 'Admin', 'User', 'ADMIN', '00000000-0000-0000-0000-000000000001', NULL, 'System Administrator', true),

-- Crew members (various vessels)
('20000000-0000-0000-0000-000000000010', 'crew1@aurora.com', '$2a$10$YourHashedPasswordHere1', 'John', 'Seaman', 'CREW', '00000000-0000-0000-0000-000000000001', '9391001', 'Able Seaman', true),
('20000000-0000-0000-0000-000000000011', 'crew2@aurora.com', '$2a$10$YourHashedPasswordHere1', 'Mike', 'Mariner', 'CREW', '00000000-0000-0000-0000-000000000001', '9391001', 'Ordinary Seaman', true),

-- Officers
('20000000-0000-0000-0000-000000000020', 'officer1@aurora.com', '$2a$10$YourHashedPasswordHere1', 'Captain', 'Smith', 'CAPTAIN', '00000000-0000-0000-0000-000000000001', '9391001', 'Captain', true),
('20000000-0000-0000-0000-000000000021', 'officer2@aurora.com', '$2a$10$YourHashedPasswordHere1', 'James', 'Walker', 'OFFICER', '00000000-0000-0000-0000-000000000001', '9391001', 'Second Officer', true),

-- Engineers
('20000000-0000-0000-0000-000000000030', 'engineer1@aurora.com', '$2a$10$YourHashedPasswordHere1', 'David', 'Engineer', 'CHIEF_ENGINEER', '00000000-0000-0000-0000-000000000001', '9391001', 'Chief Engineer', true),
('20000000-0000-0000-0000-000000000031', 'engineer2@aurora.com', '$2a$10$YourHashedPasswordHere1', 'Robert', 'Mechanic', 'ENGINEER', '00000000-0000-0000-0000-000000000001', '9391001', 'Second Engineer', true),

-- Managers
('20000000-0000-0000-0000-000000000040', 'manager@nordicmaritime.no', '$2a$10$YourHashedPasswordHere1', 'Fleet', 'Manager', 'MANAGER', '00000000-0000-0000-0000-000000000001', NULL, 'Fleet Manager', true),

-- Compliance officers
('20000000-0000-0000-0000-000000000050', 'compliance@nordicmaritime.no', '$2a$10$YourHashedPasswordHere1', 'Compliance', 'Officer', 'COMPLIANCE_OFFICER', '00000000-0000-0000-0000-000000000001', NULL, 'Compliance Officer', true),

-- Traders
('20000000-0000-0000-0000-000000000060', 'trader@nordicmaritime.no', '$2a$10$YourHashedPasswordHere1', 'Trading', 'Specialist', 'TRADER', '00000000-0000-0000-0000-000000000001', NULL, 'Emissions Trader', true);

-- 4. Sample Voyages (active and completed)
INSERT INTO voyages (id, voyage_id, ship_id, voyage_type, start_date, end_date, start_port, end_port, charter_type, status) VALUES
-- Aurora Spirit voyages
('30000000-0000-0000-0000-000000000001', 'V2024-001', '10000000-0000-0000-0000-000000000001', 'COMMERCIAL', '2024-01-15', '2024-02-20', 'Rotterdam', 'Singapore', 'SPOT_VOYAGE', 'COMPLETED'),
('30000000-0000-0000-0000-000000000002', 'V2024-002', '10000000-0000-0000-0000-000000000001', 'COMMERCIAL', '2024-02-25', NULL, 'Singapore', 'Shanghai', 'TIME', 'ACTIVE'),
('30000000-0000-0000-0000-000000000003', 'V2024-010', '10000000-0000-0000-0000-000000000002', 'COMMERCIAL', '2024-03-01', NULL, 'Hamburg', 'New York', 'SPOT_VOYAGE', 'ACTIVE'),
('30000000-0000-0000-0000-000000000004', 'V2024-015', '10000000-0000-0000-0000-000000000006', 'COMMERCIAL', '2024-02-10', '2024-03-05', 'Sydney', 'Shanghai', 'SPOT_VOYAGE', 'COMPLETED'),
('30000000-0000-0000-0000-000000000005', 'V2024-020', '10000000-0000-0000-0000-000000000011', 'COMMERCIAL', '2024-01-20', '2024-02-15', 'Houston', 'Rotterdam', 'SPOT_VOYAGE', 'COMPLETED'),
('30000000-0000-0000-0000-000000000006', 'V2024-025', '10000000-0000-0000-0000-000000000017', 'COMMERCIAL', '2024-02-28', NULL, 'Qatar', 'Belgium', 'TIME', 'ACTIVE');

-- 5. Voyage Legs
INSERT INTO voyage_legs (id, voyage_id, leg_number, departure_port, arrival_port, departure_date, arrival_date, distance_nm, cargo_type, cargo_quantity) VALUES
('40000000-0000-0000-0000-000000000001', '30000000-0000-0000-0000-000000000001', 1, 'Rotterdam', 'Suez Canal', '2024-01-15', '2024-01-25', 3200, 'Containers', 4500),
('40000000-0000-0000-0000-000000000002', '30000000-0000-0000-0000-000000000001', 2, 'Suez Canal', 'Singapore', '2024-01-26', '2024-02-20', 5800, 'Containers', 4500);

-- 6. Fuel Consumption (sample data)
INSERT INTO fuel_consumption (
    voyage_id, leg_id, fuel_type, fuel_category, consumption_tonnes, consumption_date,
    density_kg_m3, lower_calorific_value_mj_kg, sulphur_content_pct, carbon_content_pct,
    engine_type, bunker_delivery_note
) VALUES
-- Daily consumption entries for Aurora Spirit voyage
('30000000-0000-0000-0000-000000000001', '40000000-0000-0000-0000-000000000001', 'MGO', 'FOSSIL', 45.2, '2024-01-15', 845, 42.7, 0.10, 87.0, 'MAIN_ENGINE', 'BDN-RTM-001'),
('30000000-0000-0000-0000-000000000001', '40000000-0000-0000-0000-000000000001', 'MGO', 'FOSSIL', 44.8, '2024-01-16', 845, 42.7, 0.10, 87.0, 'MAIN_ENGINE', 'BDN-RTM-001'),
('30000000-0000-0000-0000-000000000001', '40000000-0000-0000-0000-000000000001', 'MGO', 'FOSSIL', 46.1, '2024-01-17', 845, 42.7, 0.10, 87.0, 'MAIN_ENGINE', 'BDN-RTM-001'),
('30000000-0000-0000-0000-000000000001', '40000000-0000-0000-0000-000000000001', 'MGO', 'FOSSIL', 5.2, '2024-01-15', 845, 42.7, 0.10, 87.0, 'AUXILIARY_ENGINE', 'BDN-RTM-001'),
('30000000-0000-0000-0000-000000000002', '40000000-0000-0000-0000-000000000002', 'MGO', 'FOSSIL', 47.5, '2024-02-25', 845, 42.7, 0.10, 87.0, 'MAIN_ENGINE', 'BDN-SGP-001'),
('30000000-0000-0000-0000-000000000002', '40000000-0000-0000-0000-000000000002', 'MGO', 'FOSSIL', 48.2, '2024-02-26', 845, 42.7, 0.10, 87.0, 'MAIN_ENGINE', 'BDN-SGP-001');

-- 7. Energy Efficiency Technologies (using IMO numbers)
INSERT INTO energy_efficiency_technologies (id, ship_id, technology_type, technology_name, installation_date, efficiency_gain_pct, fuel_savings_potential_pct, status) VALUES
('50000000-0000-0000-0000-000000000001', '9391001', 'SHAFT_GENERATOR', 'Shaft Generator Motor', '2018-06-15', 4.5, 3.8, 'ACTIVE'),
('50000000-0000-0000-0000-000000000002', '9391001', 'WHR', 'Waste Heat Recovery System', '2018-06-15', 6.2, 5.5, 'ACTIVE'),
('50000000-0000-0000-0000-000000000003', '9391002', 'MEWIS_DUCT', 'Mewis Duct', '2019-08-20', 3.8, 3.2, 'ACTIVE'),
('50000000-0000-0000-0000-000000000004', '9200001', 'OPS', 'Onshore Power Supply', '2017-05-10', 15.0, 12.0, 'ACTIVE'),
('50000000-0000-0000-0000-000000000005', '9188001', 'WIND_ASSISTED', 'Wind Turbines', '2018-09-01', 2.5, 2.0, 'ACTIVE');

-- 8. EU ETS Data (note: voyage_id references UUID in voyages table)
INSERT INTO eu_ets_data (id, voyage_id, reporting_year, covered_share_pct, total_co2_emissions_t, eu_covered_emissions_t, surrender_deadline, allowances_required, compliance_status) VALUES
('60000000-0000-0000-0000-000000000001', '30000000-0000-0000-0000-000000000001', 2024, 50.0, 2850.5, 1425.25, '2025-04-30', 1425.25, 'PENDING'),
('60000000-0000-0000-0000-000000000002', '30000000-0000-0000-0000-000000000002', 2024, 100.0, 3250.8, 3250.8, '2025-04-30', 3250.8, 'PENDING'),
('60000000-0000-0000-0000-000000000003', '30000000-0000-0000-0000-000000000004', 2024, 0.0, 1850.2, 0.0, '2025-04-30', 0.0, 'COMPLIANT'),
('60000000-0000-0000-0000-000000000004', '30000000-0000-0000-0000-000000000005', 2024, 50.0, 4200.5, 2100.25, '2025-04-30', 2100.25, 'PENDING')
ON CONFLICT DO NOTHING;

-- 9. FuelEU Data
INSERT INTO fueleu_data (id, voyage_id, reporting_year, energy_in_scope_gj, ghg_intensity_gco2e_per_mj, compliance_balance_gco2e, pooling_status) VALUES
('70000000-0000-0000-0000-000000000001', '30000000-0000-0000-0000-000000000001', 2024, 120500.5, 82.5, -8500.2, 'DEFICIT'),
('70000000-0000-0000-0000-000000000002', '30000000-0000-0000-0000-000000000002', 2024, 135800.3, 78.2, -5200.8, 'DEFICIT'),
('70000000-0000-0000-0000-000000000003', '30000000-0000-0000-0000-000000000004', 2024, 98500.2, 85.5, 1200.5, 'SURPLUS'),
('70000000-0000-0000-0000-000000000004', '30000000-0000-0000-0000-000000000005', 2024, 210800.6, 79.8, -15800.2, 'DEFICIT')
ON CONFLICT DO NOTHING;

-- 10. Verifiers
INSERT INTO verifiers (id, name, accreditation_number, accreditation_body, accreditation_scope, contact_email) VALUES
('80000000-0000-0000-0000-000000000001', 'DNV GL Maritime Verification', 'VER-DNV-001', 'DNV', 'EU ETS Maritime, FuelEU Maritime, IMO DCS', 'verification@dnv.com'),
('80000000-0000-0000-0000-000000000002', 'Lloyd''s Register Marine', 'VER-LR-001', 'Lloyd''s Register', 'EU ETS Maritime, FuelEU Maritime', 'marine.verification@lr.org'),
('80000000-0000-0000-0000-000000000003', 'ABS Group', 'VER-ABS-001', 'ABS', 'EU ETS Maritime, FuelEU Maritime', 'verification@abs-group.com');

-- 11. Verification Records
INSERT INTO verifications (id, verifier_id, data_type, reference_id, verification_date, verification_result, status) VALUES
('90000000-0000-0000-0000-000000000001', '80000000-0000-0000-0000-000000000001', 'FUEL_CONSUMPTION', '30000000-0000-0000-0000-000000000001', '2024-02-01', 'VERIFIED', 'VERIFIED'),
('90000000-0000-0000-0000-000000000002', '80000000-0000-0000-0000-000000000001', 'EU_ETS', '60000000-0000-0000-0000-000000000001', '2024-03-01', 'PENDING', 'IN_PROGRESS'),
('90000000-0000-0000-0000-000000000003', '80000000-0000-0000-0000-000000000002', 'FUELEU', '70000000-0000-0000-0000-000000000001', '2024-03-15', 'CONDITIONAL', 'PENDING');

-- 12. Compliance Alerts
INSERT INTO compliance_alerts (id, organization_id, ship_id, alert_type, severity, title, description, due_date, status) VALUES
('a0000000-0000-0000-0000-000000000001', '00000000-0000-0000-0000-000000000001', '9391001', 'DEADLINE_APPROACHING', 'HIGH', 'EU ETS Surrender Deadline', 'Surrender deadline approaching in 45 days', '2025-04-30', 'ACTIVE'),
('a0000000-0000-0000-0000-000000000002', '00000000-0000-0000-0000-000000000001', '9391001', 'VERIFICATION_OUTSTANDING', 'MEDIUM', 'Verification Required', 'Fuel consumption data needs verification', '2024-04-01', 'ACTIVE'),
('a0000000-0000-0000-0000-000000000003', '00000000-0000-0000-0000-000000000002', '9391003', 'VERIFICATION_OUTSTANDING', 'MEDIUM', 'THETIS MRV Submission', 'Verification queries pending response', '2024-03-20', 'ACTIVE');

-- 13. Pooling Arrangements
INSERT INTO pooling_arrangements (id, pool_name, pool_leader_org_id, reporting_year, status) VALUES
('b0000000-0000-0000-0000-000000000001', 'Nordic Shipping Pool 2024', '00000000-0000-0000-0000-000000000001', 2024, 'ACTIVE'),
('b0000000-0000-0000-0000-000000000002', 'Atlantic Compliance Pool', '00000000-0000-0000-0000-000000000004', 2024, 'ACTIVE');

-- 14. Pool Participants
INSERT INTO pool_participants (id, pool_id, organization_id, ship_id) VALUES
('c0000000-0000-0000-0000-000000000001', 'b0000000-0000-0000-0000-000000000001', '00000000-0000-0000-0000-000000000001', '9391001'),
('c0000000-0000-0000-0000-000000000002', 'b0000000-0000-0000-0000-000000000001', '00000000-0000-0000-0000-000000000001', '9391002'),
('c0000000-0000-0000-0000-000000000003', 'b0000000-0000-0000-0000-000000000002', '00000000-0000-0000-0000-000000000004', '9391005');

-- 15. Pool RFQs
INSERT INTO pool_rfqs (id, organization_id, reporting_year, need_gco2e, price_range_min, price_range_max, status) VALUES
('d0000000-0000-0000-0000-000000000001', '00000000-0000-0000-0000-000000000001', 2024, 8500.2, 75.0, 85.0, 'OPEN'),
('d0000000-0000-0000-0000-000000000002', '00000000-0000-0000-0000-000000000004', 2024, -1200.5, 80.0, 90.0, 'OPEN'),
('d0000000-0000-0000-0000-000000000003', '00000000-0000-0000-0000-000000000002', 2024, 5200.8, 77.0, 87.0, 'OPEN');

-- 16. Pool Offers
INSERT INTO pool_offers (id, rfq_id, counterparty_org_id, offered_gco2e, price_eur_per_gco2e, valid_until, status) VALUES
('e0000000-0000-0000-0000-000000000001', 'd0000000-0000-0000-0000-000000000001', '00000000-0000-0000-0000-000000000004', 1200.5, 82.5, '2024-04-15', 'PENDING'),
('e0000000-0000-0000-0000-000000000002', 'd0000000-0000-0000-0000-000000000002', '00000000-0000-0000-0000-000000000001', 1200.5, 85.0, '2024-04-20', 'PENDING');

-- 17. EUA Trades
INSERT INTO eua_trades (id, organization_id, trade_type, quantity_tco2, price_eur_per_tco2, trade_date, counterparty, market) VALUES
('f0000000-0000-0000-0000-000000000001', '00000000-0000-0000-0000-000000000001', 'BUY', 1500.0, 82.5, '2024-02-01', 'Trader A', 'SPOT'),
('f0000000-0000-0000-0000-000000000002', '00000000-0000-0000-0000-000000000001', 'BUY', 1000.0, 83.2, '2024-02-15', 'Trader B', 'FUTURES'),
('f0000000-0000-0000-0000-000000000003', '00000000-0000-0000-0000-000000000002', 'BUY', 2500.0, 81.8, '2024-03-01', 'Trader C', 'SPOT');

-- 18. Market Data
INSERT INTO market_data (id, data_type, price, currency, timestamp, source) VALUES
('11000000-0000-0000-0000-000000000001', 'EUA', 82.5, 'EUR', NOW() - INTERVAL '1 hour', 'ICE'),
('11000000-0000-0000-0000-000000000002', 'EUA', 83.2, 'EUR', NOW() - INTERVAL '2 hours', 'ICE'),
('11000000-0000-0000-0000-000000000003', 'EUA', 84.1, 'EUR', NOW(), 'EEX');

COMMIT;

